-- 示例企业数据
INSERT INTO companies (id, name, name_zh, country, address, website, business_type, description, description_zh) VALUES
('550e8400-e29b-41d4-a716-446655440000', 'Medtronic plc', '美敦力', 'Ireland', '20 On Hatch, Lower Hatch Street, Dublin 2, Ireland', 'https://www.medtronic.com', 'Manufacturer', 'Global leader in medical technology, services, and solutions.', '全球医疗技术、服务和解决方案的领导者'),
('550e8400-e29b-41d4-a716-446655440001', 'Johnson & Johnson', '强生', 'USA', 'One Johnson & Johnson Plaza, New Brunswick, NJ 08933', 'https://www.jnj.com', 'Manufacturer', 'World''s largest and most broadly based healthcare company.', '全球最大、业务最广泛的医疗健康企业'),
('550e8400-e29b-41d4-a716-446655440002', 'Siemens Healthineers', '西门子医疗', 'Germany', 'Henkestraße 127, 91052 Erlangen, Germany', 'https://www.siemens-healthineers.com', 'Manufacturer', 'MedTech company with core business in imaging and diagnostics.', '医疗技术公司，核心业务为影像和诊断'),
('550e8400-e29b-41d4-a716-446655440003', 'Mindray Medical', '迈瑞医疗', 'China', 'Mindray Building, Keji 12th Road South, High-tech Industrial Park, Nanshan, Shenzhen 518057', 'https://www.mindray.com', 'Manufacturer', 'Leading developer of medical devices and solutions.', '领先的医疗设备和解决方案开发商'),
('550e8400-e29b-41d4-a716-446655440004', 'Roche Diagnostics', '罗氏诊断', 'Switzerland', 'Roche Diagnostics International Ltd, Rötkreuz, Switzerland', 'https://diagnostics.roche.com', 'Manufacturer', 'World leader in in vitro diagnostics and tissue-based cancer diagnostics.', '体外诊断和组织癌症诊断领域的世界领导者'),
('550e8400-e29b-41d4-a716-446655440005', 'Terumo Corporation', '泰尔茂', 'Japan', '2-44-1 Hatagaya, Shibuya-ku, Tokyo 151-0072, Japan', 'https://www.terumo.com', 'Manufacturer', 'Leading Japanese medical device manufacturer specializing in cardiac and vascular devices.', '日本领先的医疗器械制造商，专注于心血管器械'),
('550e8400-e29b-41d4-a716-446655440006', 'Olympus Corporation', '奥林巴斯', 'Japan', '2951 Ishikawa-machi, Hachioji-shi, Tokyo 192-8507, Japan', 'https://www.olympus-global.com', 'Manufacturer', 'Japanese multinational corporation specializing in optics and medical devices.', '日本跨国企业，专注于光学和医疗器械'),
('550e8400-e29b-41d4-a716-446655440007', 'Stryker Corporation', '史赛克', 'USA', '2825 Airview Boulevard, Kalamazoo, MI 49002, USA', 'https://www.stryker.com', 'Manufacturer', 'Fortune 500 medical technologies company specializing in orthopedic and medical devices.', '财富500强医疗技术公司，专注于骨科和医疗器械'),
('550e8400-e29b-41d4-a716-446655440008', 'Abbott Laboratories', '雅培', 'USA', '100 Abbott Park Road, Abbott Park, IL 60064, USA', 'https://www.abbott.com', 'Manufacturer', 'American multinational medical devices and health care company.', '美国跨国医疗器械和医疗保健公司'),
('550e8400-e29b-41d4-a716-446655440009', 'Boston Scientific', '波士顿科学', 'USA', '300 Boston Scientific Way, Marlborough, MA 01752, USA', 'https://www.bostonscientific.com', 'Manufacturer', 'Developer and manufacturer of medical devices used in interventional medical specialties.', '介入医学专业医疗器械开发商和制造商'),
('550e8400-e29b-41d4-a716-446655440010', 'Fisher & Paykel Healthcare', '费雪派克医疗保健', 'New Zealand', '15 Maurice Paykel Place, East Tamaki, Auckland 2013, New Zealand', 'https://www.fphcare.com', 'Manufacturer', 'New Zealand-based medical device company specializing in respiratory and acute care.', '新西兰医疗器械公司，专注于呼吸和重症监护'),
('550e8400-e29b-41d4-a716-446655440011', 'Getinge AB', '洁定', 'Sweden', 'Lindholmspiren 7A, SE-417 56 Gothenburg, Sweden', 'https://www.getinge.com', 'Manufacturer', 'Swedish medical technology company specializing in infection control and surgical systems.', '瑞典医疗技术公司，专注于感染控制和外科系统');

-- FDA 注册示例数据
INSERT INTO fda_registrations (company_id, fei_number, registration_number, owner_operator_number, registration_status, registration_date, product_code, device_class, device_name, device_description, regulation_number, establishment_type, address, city, state, zip, country, source_url) VALUES
('550e8400-e29b-41d4-a716-446655440000', '3001234567', '9616372', '9040293', 'Active', '2020-01-15', 'DXN', 'Class II', 'Pacemaker, Cardiac', 'Implantable cardiac pacemaker for bradycardia management', '870.3630', 'Manufacturer', '8200 Coral Sea Street NE, Mounds View, MN 55112', 'Mounds View', 'MN', '55112', 'USA', 'https://www.accessdata.fda.gov/scripts/cdrh/cfdocs/cfRL/rl.cfm?lid=9616372'),
('550e8400-e29b-41d4-a716-446655440000', '3001234568', '9616373', '9040293', 'Active', '2019-06-20', 'DSY', 'Class II', 'Defibrillator, Automatic Implantable Cardioverter', 'Implantable cardioverter defibrillator (ICD)', '870.3600', 'Manufacturer', '8200 Coral Sea Street NE, Mounds View, MN 55112', 'Mounds View', 'MN', '55112', 'USA', 'https://www.accessdata.fda.gov/scripts/cdrh/cfdocs/cfRL/rl.cfm?lid=9616373'),
('550e8400-e29b-41d4-a716-446655440001', '3009876543', '2246829', '1424926', 'Active', '2018-03-10', 'FYE', 'Class II', 'Suture, Surgical', 'Absorbable surgical suture', '878.5020', 'Manufacturer', 'One Johnson & Johnson Plaza, New Brunswick, NJ 08933', 'New Brunswick', 'NJ', '08933', 'USA', 'https://www.accessdata.fda.gov/scripts/cdrh/cfdocs/cfRL/rl.cfm?lid=2246829'),
('550e8400-e29b-41d4-a716-446655440002', '3012345678', '3004567890', '1004567890', 'Active', '2021-08-05', 'IZL', 'Class II', 'System, X-Ray, Tomography, Computed', 'CT scanner for diagnostic imaging', '892.1750', 'Manufacturer', '51 Valley Stream Parkway, Malvern, PA 19355', 'Malvern', 'PA', '19355', 'USA', 'https://www.accessdata.fda.gov/scripts/cdrh/cfdocs/cfRL/rl.cfm?lid=3004567890'),
('550e8400-e29b-41d4-a716-446655440003', '3023456789', '3012345678', '1012345678', 'Active', '2022-02-14', 'BZS', 'Class II', 'Monitor, Patient (Including Arrhythmia Detection And Alarms)', 'Multi-parameter patient monitor', '870.1025', 'Manufacturer', 'Mindray Building, Shenzhen, China', 'Shenzhen', NULL, NULL, 'China', 'https://www.accessdata.fda.gov/scripts/cdrh/cfdocs/cfRL/rl.cfm?lid=3012345678'),
('550e8400-e29b-41d4-a716-446655440004', '3034567890', '3023456789', '1023456789', 'Active', '2019-11-30', 'JIX', 'Class II', 'Analyzer, Automated, Immunoassay', 'Automated immunoassay analyzer for in vitro diagnostics', '862.2170', 'Manufacturer', '9115 Hague Road, Indianapolis, IN 46256', 'Indianapolis', 'IN', '46256', 'USA', 'https://www.accessdata.fda.gov/scripts/cdrh/cfdocs/cfRL/rl.cfm?lid=3023456789'),
('550e8400-e29b-41d4-a716-446655440007', '3045678901', '3034567890', '1034567890', 'Active', '2020-05-20', 'JDJ', 'Class II', 'Prosthesis, Hip, Semi-Constrained, Metal/Polymer, Cemented', 'Total hip replacement system', '888.3300', 'Manufacturer', '325 Corporate Drive, Mahwah, NJ 07430', 'Mahwah', 'NJ', '07430', 'USA', 'https://www.accessdata.fda.gov/scripts/cdrh/cfdocs/cfRL/rl.cfm?lid=3034567890'),
('550e8400-e29b-41d4-a716-446655440007', '3045678902', '3034567891', '1034567890', 'Active', '2019-08-15', 'KRA', 'Class II', 'System, Endoscopic, Motorized', 'Powered surgical instrument system', '876.1500', 'Manufacturer', '4100 East Milham Avenue, Kalamazoo, MI 49001', 'Kalamazoo', 'MI', '49001', 'USA', 'https://www.accessdata.fda.gov/scripts/cdrh/cfdocs/cfRL/rl.cfm?lid=3034567891'),
('550e8400-e29b-41d4-a716-446655440008', '3056789012', '3045678901', '1045678901', 'Active', '2021-03-10', 'DSY', 'Class II', 'Stent, Coronary', 'Drug-eluting coronary stent system', '870.3470', 'Manufacturer', '3200 Lakeside Drive, Santa Clara, CA 95054', 'Santa Clara', 'CA', '95054', 'USA', 'https://www.accessdata.fda.gov/scripts/cdrh/cfdocs/cfRL/rl.cfm?lid=3045678901'),
('550e8400-e29b-41d4-a716-446655440008', '3056789013', '3045678902', '1045678901', 'Active', '2020-11-25', 'CFR', 'Class II', 'Test, Blood Glucose, Over-The-Counter', 'Blood glucose monitoring system', '862.1345', 'Manufacturer', '100 Abbott Park Road, Abbott Park, IL 60064', 'Abbott Park', 'IL', '60064', 'USA', 'https://www.accessdata.fda.gov/scripts/cdrh/cfdocs/cfRL/rl.cfm?lid=3045678902'),
('550e8400-e29b-41d4-a716-446655440009', '3067890123', '3056789012', '1056789012', 'Active', '2022-01-18', 'KRG', 'Class II', 'Catheter, Intravascular, Therapeutic', 'Drug-coated balloon catheter', '870.5100', 'Manufacturer', 'One Scimed Place, Maple Grove, MN 55311', 'Maple Grove', 'MN', '55311', 'USA', 'https://www.accessdata.fda.gov/scripts/cdrh/cfdocs/cfRL/rl.cfm?lid=3056789012'),
('550e8400-e29b-41d4-a716-446655440009', '3067890124', '3056789013', '1056789012', 'Active', '2021-07-22', 'LPL', 'Class II', 'System, Lithotripter, Intracorporeal', 'Laser lithotripsy system', '876.4020', 'Manufacturer', '300 Boston Scientific Way, Marlborough, MA 01752', 'Marlborough', 'MA', '01752', 'USA', 'https://www.accessdata.fda.gov/scripts/cdrh/cfdocs/cfRL/rl.cfm?lid=3056789013');

-- NMPA 注册示例数据
INSERT INTO nmpa_registrations (company_id, registration_number, product_name, product_name_zh, manufacturer, manufacturer_zh, manufacturer_address, registration_holder, registration_holder_zh, device_classification, approval_date, expiration_date, product_description, source_url) VALUES
('550e8400-e29b-41d4-a716-446655440003', '国械注准20203080001', 'Patient Monitor', '病人监护仪', 'Shenzhen Mindray Bio-Medical Electronics Co., Ltd.', '深圳迈瑞生物医疗电子股份有限公司', '深圳市南山区高新技术产业园区科技南十二路迈瑞大厦', 'Shenzhen Mindray Bio-Medical Electronics Co., Ltd.', '深圳迈瑞生物医疗电子股份有限公司', 'Class II', '2020-01-20', '2025-01-19', '用于监测患者的心电、血氧、血压、体温、呼吸、脉搏等生理参数', 'https://www.nmpa.gov.cn/datasearch/search-info.html?nmpa=aWQ9MTE2MTQwNjE1ODE2OTYwMzA3NQ%3D%3D'),
('550e8400-e29b-41d4-a716-446655440003', '国械注准20213060002', 'Ultrasound Diagnostic System', '超声诊断系统', 'Shenzhen Mindray Bio-Medical Electronics Co., Ltd.', '深圳迈瑞生物医疗电子股份有限公司', '深圳市南山区高新技术产业园区科技南十二路迈瑞大厦', 'Shenzhen Mindray Bio-Medical Electronics Co., Ltd.', '深圳迈瑞生物医疗电子股份有限公司', 'Class II', '2021-03-15', '2026-03-14', '用于人体超声诊断检查，适用于腹部、心脏、浅表器官、外周血管等部位的检查', 'https://www.nmpa.gov.cn/datasearch/search-info.html'),
('550e8400-e29b-41d4-a716-446655440002', '国械注进20213060003', 'CT Scanner', '计算机断层扫描系统', 'Siemens Healthcare GmbH', '西门子医疗有限公司', 'Henkestraße 127, 91052 Erlangen, Germany', 'Siemens Healthineers Ltd.', '西门子医疗系统有限公司', 'Class III', '2021-06-10', '2026-06-09', '用于头部和全身X射线计算机断层扫描成像', 'https://www.nmpa.gov.cn/datasearch/search-info.html'),
('550e8400-e29b-41d4-a716-446655440001', '国械注进20213060004', 'Surgical Suture', '外科缝线', 'Ethicon, LLC', '爱惜康有限责任公司', 'Route 22 West, Somerville, NJ 08876, USA', 'Johnson & Johnson Medical (China) Ltd.', '强生(中国)医疗器材有限公司', 'Class III', '2021-09-01', '2026-08-31', '用于一般软组织的缝合，包括心血管、眼科和神经手术', 'https://www.nmpa.gov.cn/datasearch/search-info.html'),
('550e8400-e29b-41d4-a716-446655440004', '国械注进20213400005', 'Immunoassay Analyzer', '全自动免疫分析仪', 'Roche Diagnostics GmbH', '罗氏诊断有限公司', 'Sandhofer Strasse 116, 68305 Mannheim, Germany', 'Roche Diagnostics (Shanghai) Ltd.', '罗氏诊断产品(上海)有限公司', 'Class II', '2021-12-20', '2026-12-19', '用于体外定量检测人体样本中的各种分析物', 'https://www.nmpa.gov.cn/datasearch/search-info.html'),
('550e8400-e29b-41d4-a716-446655440007', '国械注进20213130006', 'Knee System', '膝关节系统', 'Stryker Ireland Limited', '史赛克爱尔兰有限公司', 'Carrigtwohill, Co. Cork, Ireland', 'Stryker (China) Investment Co., Ltd.', '史赛克(中国)投资有限公司', 'Class III', '2021-04-15', '2026-04-14', '用于膝关节置换手术', 'https://www.nmpa.gov.cn/datasearch/search-info.html'),
('550e8400-e29b-41d4-a716-446655440008', '国械注进20213130007', 'Drug-eluting Coronary Stent System', '药物洗脱冠状动脉支架系统', 'Abbott Vascular, Inc.', '雅培血管公司', '3200 Lakeside Drive, Santa Clara, CA 95054, USA', 'Abbott Medical Trading (Shanghai) Co., Ltd.', '雅培医疗器械贸易(上海)有限公司', 'Class III', '2021-08-20', '2026-08-19', '用于治疗冠状动脉疾病', 'https://www.nmpa.gov.cn/datasearch/search-info.html'),
('550e8400-e29b-41d4-a716-446655440009', '国械注进20213030008', 'Drug-coated Balloon Catheter', '药物涂层球囊导管', 'Boston Scientific Corporation', '波士顿科学公司', 'One Scimed Place, Maple Grove, MN 55311, USA', 'Boston Scientific Medical Device (Shanghai) Co., Ltd.', '波士顿科学医疗科技(上海)有限公司', 'Class III', '2022-02-10', '2027-02-09', '用于冠状动脉介入治疗', 'https://www.nmpa.gov.cn/datasearch/search-info.html');

-- EUDAMED 注册示例数据
INSERT INTO eudamed_registrations (company_id, actor_id, actor_type, actor_name, actor_name_en, actor_address, country, srn, registration_status, registration_date, device_name, device_description, udi_di, nca, notified_body, certificate_number, source_url) VALUES
('550e8400-e29b-41d4-a716-446655440000', 'BE-MF-000000001', 'Manufacturer', 'Medtronic BV', 'Medtronic BV', 'Heerlen, Netherlands', 'Netherlands', 'BE-MF-000000001', 'Active', '2021-05-26', 'Cardiac Pacemaker', 'Active implantable medical device for cardiac rhythm management', '(01)05437069991001(11)210526', 'FAMHP', 'BSI Group', 'CE 0086', 'https://ec.europa.eu/tools/eudamed'),
('550e8400-e29b-41d4-a716-446655440001', 'IE-MF-000000002', 'Manufacturer', 'Johnson & Johnson Medical NV/SA', 'Johnson & Johnson Medical NV/SA', 'Diegem, Belgium', 'Belgium', 'IE-MF-000000002', 'Active', '2021-06-15', 'Surgical Sutures', 'Non-absorbable and absorbable surgical sutures', '(01)05437069991002(11)210615', 'FAMHP', 'BSI Group', 'CE 0086', 'https://ec.europa.eu/tools/eudamed'),
('550e8400-e29b-41d4-a716-446655440002', 'DE-MF-000000003', 'Manufacturer', 'Siemens Healthcare GmbH', 'Siemens Healthcare GmbH', 'Erlangen, Germany', 'Germany', 'DE-MF-000000003', 'Active', '2021-07-01', 'MAGNETOM MRI Scanner', 'Magnetic resonance imaging system for diagnostic purposes', '(01)05437069991003(11)210701', 'BfArM', 'TÜV SÜD', 'CE 0123', 'https://ec.europa.eu/tools/eudamed'),
('550e8400-e29b-41d4-a716-446655440003', 'CN-MF-000000004', 'Manufacturer', 'Shenzhen Mindray Bio-Medical Electronics Co., Ltd.', 'Shenzhen Mindray Bio-Medical Electronics Co., Ltd.', 'Shenzhen, China', 'China', 'CN-MF-000000004', 'Active', '2021-08-10', 'BeneVision Patient Monitor', 'Multi-parameter patient monitoring system', '(01)05437069991004(11)210810', 'NMPA', 'TÜV Rheinland', 'CE 0197', 'https://ec.europa.eu/tools/eudamed'),
('550e8400-e29b-41d4-a716-446655440004', 'CH-MF-000000005', 'Manufacturer', 'Roche Diagnostics International Ltd', 'Roche Diagnostics International Ltd', 'Rotkreuz, Switzerland', 'Switzerland', 'CH-MF-000000005', 'Active', '2021-09-20', 'cobas e Analyzer', 'Immunoassay analyzer for in vitro diagnostic testing', '(01)05437069991005(11)210920', 'Swissmedic', 'TÜV SÜD', 'CE 0123', 'https://ec.europa.eu/tools/eudamed'),
('550e8400-e29b-41d4-a716-446655440007', 'SE-MF-000000006', 'Manufacturer', 'Stryker European Operations Limited', 'Stryker European Operations Limited', 'Carrigtwohill, Co. Cork, Ireland', 'Ireland', 'IE-MF-000000006', 'Active', '2021-10-05', 'Triathlon Knee System', 'Total knee replacement system', '(01)05437069991006(11)211005', 'HPRA', 'BSI Group', 'CE 0086', 'https://ec.europa.eu/tools/eudamed'),
('550e8400-e29b-41d4-a716-446655440011', 'SE-MF-000000007', 'Manufacturer', 'Getinge Sterilization AB', 'Getinge Sterilization AB', 'Box 69, SE-305 05 Getinge, Sweden', 'Sweden', 'SE-MF-000000007', 'Active', '2021-11-15', 'Steam Sterilizer', 'Medical device steam sterilization system', '(01)05437069991007(11)211115', 'LV', 'SGS', 'CE 1639', 'https://ec.europa.eu/tools/eudamed');

-- PMDA (日本) 注册示例数据
INSERT INTO pmda_registrations (company_id, approval_number, product_name, product_name_jp, manufacturer, manufacturer_jp, manufacturer_address, marketing_authorization_holder, marketing_authorization_holder_jp, device_classification, approval_date, expiration_date, product_description, source_url) VALUES
('550e8400-e29b-41d4-a716-446655440005', '22600BZX00089000', 'Cardiac Catheter', '心臓カテーテル', 'Terumo Corporation', '株式会社テルモ', '2-44-1 Hatagaya, Shibuya-ku, Tokyo 151-0072, Japan', 'Terumo Corporation', '株式会社テルモ', 'Class III', '2020-03-15', '2025-03-14', 'Diagnostic and interventional cardiac catheter', 'https://www.pmda.go.jp/PmdaSearch/iyakuSearch/'),
('550e8400-e29b-41d4-a716-446655440005', '22600BZX00091000', 'Stent Graft System', 'ステントグラフトシステム', 'Terumo Corporation', '株式会社テルモ', '2-44-1 Hatagaya, Shibuya-ku, Tokyo 151-0072, Japan', 'Terumo Corporation', '株式会社テルモ', 'Class IV', '2021-06-20', '2026-06-19', 'Endovascular stent graft for aortic aneurysm', 'https://www.pmda.go.jp/PmdaSearch/iyakuSearch/'),
('550e8400-e29b-41d4-a716-446655440006', '22600BZX00102000', 'Endoscope System', '内視鏡システム', 'Olympus Medical Systems Corp.', 'オリンパスメディカルシステムズ株式会社', '2951 Ishikawa-machi, Hachioji-shi, Tokyo 192-8507, Japan', 'Olympus Medical Systems Corp.', 'オリンパスメディカルシステムズ株式会社', 'Class II', '2020-09-10', '2025-09-09', 'Flexible endoscope for gastrointestinal examination', 'https://www.pmda.go.jp/PmdaSearch/iyakuSearch/'),
('550e8400-e29b-41d4-a716-446655440006', '22600BZX00115000', 'Surgical Energy Device', '外科用エネルギー機器', 'Olympus Medical Systems Corp.', 'オリンパスメディカルシステムズ株式会社', '2951 Ishikawa-machi, Hachioji-shi, Tokyo 192-8507, Japan', 'Olympus Medical Systems Corp.', 'オリンパスメディカルシステムズ株式会社', 'Class II', '2021-12-05', '2026-12-04', 'Ultrasonic surgical system for tissue dissection', 'https://www.pmda.go.jp/PmdaSearch/iyakuSearch/');

-- Health Canada (加拿大) 注册示例数据
INSERT INTO health_canada_registrations (company_id, device_identifier, company_name, device_name, device_name_fr, device_class, licence_number, licence_status, issue_date, expiry_date, device_description, source_url) VALUES
('550e8400-e29b-41d4-a716-446655440010', '98567', 'Fisher & Paykel Healthcare Ltd.', 'Humidified High Flow Nasal Cannula System', 'Système de canule nasale à débit élevé humidifié', 'Class II', '99167', 'Active', '2020-04-12', '2025-04-11', 'Respiratory support device providing heated and humidified high flow oxygen therapy', 'https://health-products.canada.ca/mdall-limh/'),
('550e8400-e29b-41d4-a716-446655440010', '98568', 'Fisher & Paykel Healthcare Ltd.', 'Continuous Positive Airway Pressure Device', 'Appareil de pression positive continue', 'Class II', '99168', 'Active', '2021-08-30', '2026-08-29', 'CPAP device for obstructive sleep apnea treatment', 'https://health-products.canada.ca/mdall-limh/'),
('550e8400-e29b-41d4-a716-446655440000', '98569', 'Medtronic of Canada Ltd.', 'Insulin Pump', 'Pompe à insuline', 'Class II', '99169', 'Active', '2020-11-15', '2025-11-14', 'Continuous subcutaneous insulin infusion pump for diabetes management', 'https://health-products.canada.ca/mdall-limh/'),
('550e8400-e29b-41d4-a716-446655440002', '98570', 'Siemens Healthcare Limited', 'Mammography System', 'Système de mammographie', 'Class II', '99170', 'Active', '2021-03-22', '2026-03-21', 'Full-field digital mammography system for breast cancer screening', 'https://health-products.canada.ca/mdall-limh/');

-- 产品示例数据
INSERT INTO products (company_id, name, name_zh, description, description_zh, category, intended_use, model_number, brand_name) VALUES
('550e8400-e29b-41d4-a716-446655440000', 'Azure™ MRI Pacemaker', 'Azure™ MRI起搏器', 'MRI conditional pacemaker with automaticity', 'MRI兼容起搏器，具有自动调节功能', 'Cardiac Rhythm Management', 'For patients with bradycardia who require MRI scans', 'W1DR01', 'Medtronic'),
('550e8400-e29b-41d4-a716-446655440000', 'Micra™ AV Transcatheter Pacing System', 'Micra™ AV经导管起搏系统', 'World''s smallest pacemaker with atrioventricular synchrony', '世界上最小的起搏器，具有房室同步功能', 'Cardiac Rhythm Management', 'For patients with AV block', 'MC1AVR1', 'Medtronic'),
('550e8400-e29b-41d4-a716-446655440001', 'ETHICON™ Sutures', '爱惜康™缝线', 'Comprehensive range of surgical sutures', '全面的外科缝线产品系列', 'Surgical Supplies', 'For wound closure in various surgical procedures', 'Various', 'ETHICON'),
('550e8400-e29b-41d4-a716-446655440002', 'MAGNETOM Free.Max', 'MAGNETOM Free.Max', 'World''s first 80 cm bore MRI', '世界首台80厘米孔径MRI', 'Medical Imaging', 'For diagnostic imaging with improved patient comfort', 'MAGNETOM Free.Max', 'Siemens Healthineers'),
('550e8400-e29b-41d4-a716-446655440003', 'BeneVision N1', 'BeneVision N1', 'Patient monitor with transport capability', '具有转运功能的病人监护仪', 'Patient Monitoring', 'For continuous patient monitoring across care areas', 'N1', 'Mindray'),
('550e8400-e29b-41d4-a716-446655440004', 'cobas e 801', 'cobas e 801', 'High-throughput immunoassay analyzer', '高通量免疫分析仪', 'In Vitro Diagnostics', 'For high-volume clinical laboratory testing', 'cobas e 801', 'Roche'),
('550e8400-e29b-41d4-a716-446655440005', 'Ultimaster™ Tansei', 'Ultimaster™ 淡青', 'Drug-eluting coronary stent system', '药物洗脱冠状动脉支架系统', 'Interventional Cardiology', 'For coronary artery disease treatment', 'DCB-HE', 'Terumo'),
('550e8400-e29b-41d4-a716-446655440006', 'EVIS X1 Endoscopy System', 'EVIS X1内窥镜系统', 'Advanced endoscopy platform with AI integration', '集成人工智能的先进内窥镜平台', 'Endoscopy', 'For gastrointestinal diagnostic and therapeutic procedures', 'CV-1500', 'Olympus'),
('550e8400-e29b-41d4-a716-446655440007', 'Mako SmartRobotics™', 'Mako智能机器人', 'Robotic-arm assisted surgery system', '机械臂辅助手术系统', 'Robotic Surgery', 'For knee and hip replacement surgery', 'Mako System', 'Stryker'),
('550e8400-e29b-41d4-a716-446655440008', 'FreeStyle Libre', '瞬感', 'Continuous glucose monitoring system', '持续血糖监测系统', 'Diabetes Care', 'For glucose monitoring without finger pricks', 'FreeStyle Libre 3', 'Abbott'),
('550e8400-e29b-41d4-a716-446655440009', 'WATCHMAN FLX', 'WATCHMAN FLX左心耳封堵器', 'Left atrial appendage closure device', '左心耳封堵装置', 'Structural Heart', 'For stroke prevention in atrial fibrillation patients', 'WATCHMAN FLX', 'Boston Scientific'),
('550e8400-e29b-41d4-a716-446655440010', 'F&P Humidified High Flow Therapy', '费雪派克高流量湿化氧疗', 'Heated and humidified high flow nasal cannula system', '加热湿化高流量鼻导管系统', 'Respiratory Care', 'For respiratory support and oxygen therapy', 'AIRVO 2', 'Fisher & Paykel'),
('550e8400-e29b-41d4-a716-446655440011', 'Getinge Maquet Servo-air', '洁定迈柯唯Servo-air', 'Mechanical ventilator for intensive care', '重症监护机械呼吸机', 'Critical Care', 'For invasive and non-invasive ventilation', 'Servo-air', 'Getinge');
